mode,trial,params,score,annual_return,max_drawdown,positive_window_ratio,trades,factor_alignment,started_at,elapsed_sec
ultra_short,1,"{""hold_days"": 1, ""max_daily_trades"": 7, ""signal_confidence_min"": 50.36074539132183, ""convexity_min"": 2.9171958398227646, ""news_weight"": 0.6973680290593639, ""report_weight"": 0.09417734788764953, ""signal_confidence_effective"": 49.290015600660745}",-0.2173978565669182,0.007655449082462296,0.3563515432118798,0.9541759053954176,1169,0.005025526663921841,2026-02-13T23:29:37.911237,113.17077708244324
